"";"banalfreq";"X.RATING_1.2";"X.RATING_1.8";"X.RATING_2";"X.RATING_2.2";"X.RATING_2.4";"X.RATING_2.6";"X.RATING_2.8";"X.RATING_3";"X.RATING_3.2";"X.RATING_3.4";"X.RATING_3.6";"X.RATING_3.8";"X.RATING_4";"X.RATING_4.2";"X.RATING_4.25";"X.RATING_4.33";"X.RATING_4.4";"X.RATING_4.5";"X.RATING_4.6";"X.RATING_4.75";"X.RATING_4.8";"X.RATING_5"
"presente";18;-0,041;-0,0425;-0,0932;0,3615;-0,0331;-0,2576;1,0679;0,9013;-0,1401;-0,3119;0,6391;-0,1668;0,3951;-0,1811;-0,0511;-0,0187;-0,4679;-0,0151;-0,2315;-0,0252;-0,2237;-0,5848
"amichevole";12;-0,0273;-0,0283;-0,0621;-0,1653;-0,0221;0,4861;-0,1446;-0,3759;0,2947;-0,2079;-0,27;-0,3426;0,2124;-0,2273;-0,0341;-0,0125;1,3215;-0,0101;0,3291;-0,0168;0,2124;0,2274
"dell";33;-0,0753;-0,0779;-0,1709;-0,1398;-0,0607;-0,4726;1,2188;-0,4938;-0,3676;-0,5723;1,0827;0,8097;-0,2709;0,2734;-0,0938;-0,0343;0,4316;-0,0277;0,3753;-0,0462;-0,2709;-0,5203
"patatina";10;-0,0228;-0,0236;0,9496;-0,1377;-0,0184;-0,143;-0,1204;0,2892;0,3511;0,4829;1,0582;0,3172;-0,3437;-0,1679;-0,0284;-0,0104;-0,1845;-0,0084;-0,204;-0,014;-0,3437;-0,3248
"attesa";22;-0,0501;-0,0519;1,5605;1,5248;-0,0404;-0,3149;-0,2651;-0,6894;0,4418;-0,3813;0,5147;-0,6283;1,6513;1,0048;-0,0625;-0,0228;-1,2347;-0,0184;-1,316;-0,0308;0,6345;-0,7149
"piacevole";36;-0,0821;-0,085;-0,1865;-0,1612;-0,0662;-0,5156;-0,4341;0,3354;0,8283;0,7824;0,9747;-1,0288;-0,6397;-0,2197;0,6779;-0,0374;0,3511;-0,0302;0,5031;-0,0504;0,535;-1,1706
"mozzarella";14;-0,0319;-0,033;-0,0724;-0,1928;1,2401;0,4324;-0,1687;0,1967;0,2501;-0,2426;-0,315;0,2207;-0,148;-0,7405;-0,0398;-0,0145;-0,3183;-0,0117;1,0239;-0,0196;0,5393;-0,135
"amante";11;-0,0251;-0,0259;-0,0569;-0,1515;-0,0202;-0,1574;-0,1325;-0,3445;-0,2818;1,1779;-0,2475;-0,314;0,2356;1,5342;-0,0312;-0,0114;0,8557;-0,0092;-0,2386;-0,0154;-0,3781;-0,3573
"resto";16;-0,0365;-0,0377;-0,0828;0,4002;-0,0294;-0,2289;0,4456;1,0209;1,2225;0,3262;0,2491;-0,1371;-0,5501;-0,8464;-0,0454;-0,0166;-0,8977;-0,0134;-0,18;1,2993;-0,1848;-0,1688
"economico";13;-0,0296;-0,0307;-0,0673;-0,179;-0,0239;-0,186;0,5189;0,2158;-0,3331;0,3929;-0,2925;0,7023;0,5855;-0,2587;-0,0369;1,5144;-0,2831;-0,0109;0,2904;-0,0182;0,192;-0,4223
"attento";29;-0,0661;-0,0685;-0,1502;-0,3997;-0,0533;0,2107;0,2573;0,4842;0,3004;-0,5028;-0,653;-0,3551;-0,2083;1,3818;0,7623;-0,0301;-0,2784;-0,0243;0,7948;-0,0406;-0,2083;-0,9427
"vario|varo";15;-0,0342;-0,0354;-0,0776;0,4219;-0,0276;-0,2146;-0,1807;-0,143;0,2312;-0,2599;-0,3375;0,2028;0,4978;1,6576;-0,0426;-0,0156;-0,3544;-0,0126;0,2275;-0,021;-0,1661;-0,4873
"amaro";10;-0,0228;-0,0236;-0,0517;0,5659;-0,0184;0,5519;0,6158;-0,3132;-0,2562;-0,1732;0,3933;-0,2854;-0,3437;-0,5288;-0,0284;-0,0104;0,9548;-0,0084;0,895;-0,014;-0,3437;-0,3248
"caldo";37;-0,0844;-0,0874;1,1501;-0,5101;-0,0681;-0,1792;-0,4462;-1,1603;-0,1913;-0,6418;0,2489;1,0808;0,8337;0,9066;-0,1052;-0,0384;-0,276;-0,031;-0,3238;-0,0518;0,5096;-0,6142
"fungo";12;-0,0273;-0,0283;-0,0621;-0,1653;-0,0221;1,254;-0,1446;0,6963;-0,3074;0,4198;0,3344;0,2631;1,9986;-0,6347;-0,0341;-0,0125;-0,6732;-0,0101;-0,7174;-0,0168;0,2124;-0,3898
"leggermente";10;-0,0228;-0,0236;-0,0517;-0,1377;-0,0184;-0,143;-0,1204;-0,3132;0,3511;-0,1732;0,3933;-0,2854;1,4545;0,4939;-0,0284;-0,0104;0,4609;-0,0084;-0,204;-0,014;-0,3437;-0,3248
"l";251;0,8431;1,3311;0,241;-0,3245;-0,4664;-0,2411;0,4199;0,3171;-0,659;0,9387;0,4102;-0,44;-1,5671;-0,7031;0,3104;-0,2634;0,9287;-0,2127;1,3704;0,2533;-0,8787;-0,4447
"cibo";115;-0,2633;-0,2725;-0,219;0,8239;0,4126;0,7711;0,4138;0,9881;-0,6888;0,7869;-0,3245;-0,865;-0,4627;-0,3614;0,7638;-0,1199;0,5007;-0,0968;-1,495;-0,1615;1,0138;-0,3906
"quattro";12;-0,0273;-0,0283;-0,0621;-0,1653;-0,0221;-0,1717;-0,1446;0,2372;0,2947;-0,2079;-0,27;-0,3426;0,2124;0,3899;-0,0341;-0,0125;0,3601;-0,0101;-0,7174;-0,0168;1,2405;0,6729
"e_che";17;-0,0387;1,0545;-0,088;0,3801;-0,0312;-0,2433;-0,2048;0,9586;-0,4356;-0,2946;0,2324;0,5304;-0,204;0,2248;-0,0483;-0,0176;-0,4293;-0,0142;0,4242;-0,0238;-0,5845;0,457
"sabato";22;-0,0501;-0,0519;0,6371;0,299;-0,0404;0,2876;0,3402;1,805;-0,5639;0,6742;0,5147;-0,2309;-0,7566;-0,2755;-0,0625;-0,0228;0,2938;-0,0184;-0,6873;-0,0308;-0,3072;-0,2818
"cicoria";14;1,1498;-0,033;-0,0724;1,1613;-0,0257;0,4324;0,4924;-0,4386;-0,3587;0,3686;0,8091;-0,3997;-0,4813;-0,2911;-0,0398;-0,0145;-0,3183;-0,0117;0,5769;-0,0196;-0,148;-0,4548
"altro";82;0,4553;0,4433;1,1357;-0,2788;-0,1512;-0,3;0,4093;1,2413;0,4831;-0,4284;-0,221;0,3739;0,3632;-0,2741;-0,2336;0,7484;-0,4875;-0,0689;-1,8295;0,6334;-0,615;0,6255
"genuino";12;-0,0273;-0,0283;-0,0621;-0,1653;-0,0221;-0,1717;-0,1446;-0,3759;0,2947;-0,2079;0,3344;-0,3426;0,637;-0,2273;-0,0341;-0,0125;0,7696;-0,0101;-0,7174;-0,0168;0,637;0,6729
"condimento";13;-0,0296;-0,0307;-0,0673;-0,179;-0,0239;-0,186;-0,1566;1,2462;-0,3331;-0,2252;-0,2925;0,7023;0,192;-0,6876;-0,0369;-0,0135;0,3197;-0,0109;0,6412;-0,0182;0,192;0,2064
"vicino";21;-0,0479;-0,0496;0,6548;-0,2893;-0,0386;0,3015;1,7284;1,2688;0,9371;-0,364;-0,4727;-0,5997;-0,2857;-0,2506;-0,0597;-0,0218;-0,5875;-0,0176;-0,3171;-0,0294;0,6748;-0,6824
"croccante";17;-0,0387;-0,0401;-0,088;-0,2342;-0,0312;-0,2433;-0,2048;-0,1761;0,1984;-0,2946;-0,3826;1,0484;-0,204;0,2248;-0,0483;-0,0176;0,849;-0,0142;0,7801;-0,0238;-0,5845;-0,1865
"bar";20;-0,0456;-0,0472;-0,1035;-0,2755;-0,0368;0,3164;-0,241;-0,2291;0,9862;-0,3466;-0,1353;0,4362;0,7182;-0,2265;-0,0568;1,3308;0,6628;-0,0168;-1,1962;-0,028;-0,6878;0,3688
"ordine";14;-0,0319;-0,033;0,8135;-0,1928;-0,0257;-0,2003;0,4924;0,5951;0,7225;-0,2426;0,2875;0,6529;-0,4813;1,1725;-0,0398;-0,0145;-0,7854;-0,0117;-0,8371;-0,0196;-0,148;-0,4548
"bancone";13;-0,0296;-0,0307;0,8432;-0,179;-0,0239;-0,186;-0,1566;0,2158;0,7736;-0,2252;0,862;0,2407;-0,4469;0,7445;-0,0369;-0,0135;-0,7293;-0,0109;-0,3119;-0,0182;0,5855;-0,4223
"menù";48;0,6518;-0,1134;1,7207;0,3523;-0,0884;-0,6879;0,8442;-1,5061;0,2808;0,9319;0,3574;-0,7417;0,2999;0,5104;-0,1365;-0,0499;-0,5323;-0,0403;1,4203;-0,0672;-0,5499;-1,5618
"professionale";12;-0,0273;-0,0283;-0,0621;0,4996;-0,0221;-0,1717;-0,1446;-0,3759;0,2947;-0,2079;-0,27;-0,3426;0,637;-0,2273;-0,0341;-0,0125;0,3601;-0,0101;0,7144;-0,0168;0,2124;0,2274
"consiglio";95;-0,2173;-0,2249;-0,1614;-1,3133;-0,1753;-0,7403;-0,2871;0,9092;-1,071;-0,5587;0,6922;-0,5692;0,7339;-0,3312;0,3335;-0,099;-0,2881;-0,0799;-0,369;1,4303;0,9756;0,8386
"pezzo";18;-0,041;-0,0425;-0,0932;-0,2479;-0,0331;1,7178;-0,2169;1,4889;-0,4613;0,8102;-0,4051;0,4963;1,3654;-0,1811;-0,0511;-0,0187;-0,4679;-0,0151;-1,0765;-0,0252;-0,6189;-0,5848
"sapore";50;-0,1141;-0,1181;-0,2591;-0,2719;0,719;-0,2882;-0,6034;-0,2695;0,2583;0,5078;-0,5624;0,4043;-0,3316;-0,513;0,5539;-0,052;-0,224;1,0356;-0,273;0,8272;0,7514;0,5367
"ogni";40;-0,0913;-0,0945;-0,2072;-0,5516;-0,0736;-0,573;-0,1544;-1,2546;-1,0261;0,3305;-0,1729;0,326;1,5311;0,3093;-0,1137;-0,0416;0,4502;-0,0336;0,874;-0,056;-0,3934;0,4882
"pecca";13;-0,0296;-0,0307;-0,0673;0,4713;-0,0239;-0,186;0,5189;0,2158;-0,3331;-0,2252;-0,2925;0,2407;0,5855;0,348;-0,0369;-0,0135;-0,7293;-0,0109;-0,3119;-0,0182;0,192;1,2087
"bello";56;-0,1278;-0,1323;-0,2903;0,2795;-0,1031;-0,8028;-0,2639;1,4128;-0,4311;-0,9722;0,505;-0,5231;-0,2394;0,333;-0,1594;0,9014;-0,5043;-0,047;0,3638;-0,0784;1,6129;-0,3778
"verdura";19;-0,0433;-0,0448;-0,0983;-0,2617;-0,0349;0,3322;-0,2289;-0,211;-0,4869;-0,3293;0,6045;-0,1823;0,7652;-0,4657;-0,054;-0,0197;-0,5071;-0,0159;0,3476;-0,0266;1,2888;0,3957
"piazza";12;-0,0273;-0,0283;-0,0621;-0,1653;-0,0221;-0,1717;-0,1446;1,3378;0,8302;-0,2079;0,3344;0,2631;-0,4125;-0,6347;-0,0341;-0,0125;0,7696;-0,0101;-0,2746;1,4216;-0,4125;-0,3898
"scoperta";10;-0,0228;-0,0236;-0,0517;-0,1377;-0,0184;-0,143;-0,1204;0,8237;-0,2562;-0,1732;-0,225;0,8878;0,2622;-0,1679;-0,0284;-0,0104;0,4609;-0,0084;0,4262;-0,014;-0,3437;-0,3248
"focaccia";18;-0,041;-0,0425;-0,0932;-0,2479;-0,0331;0,9434;-0,2169;-0,564;1,0953;-0,3119;0,2171;-0,1668;-0,6189;-0,1811;-0,0511;-0,0187;-0,4679;-0,0151;1,6775;-0,0252;0,3951;-0,5848
"migliore";36;-0,0821;-0,085;-0,1865;-0,4963;-0,0662;-0,1714;-0,4341;-0,2692;0,4682;-0,6244;-0,8109;-0,4906;0,8705;-0,4023;-0,1023;-0,0374;-0,4553;-0,0302;0,3009;-0,0504;1,2827;1,8868
"cura";15;-0,0342;-0,0354;-0,0776;-0,2066;-0,0276;-0,2146;0,468;-0,4699;0,2312;-0,2599;0,761;0,6082;0,9979;-0,7934;-0,0426;-0,0156;0,2535;1,5446;0,52;-0,021;-0,5157;-0,4873
"eccellente";43;-0,0981;-0,1016;-0,2228;-0,593;-0,0791;-0,2278;-0,5187;-1,3488;-0,2597;-0,3057;-0,4511;-0,3196;1,3784;0,4315;-0,1223;-0,0447;-0,6609;-0,0361;0,5051;-0,0602;0,9789;1,4886
"carta";21;-0,0479;-0,0496;-0,1087;0,3131;-0,0386;0,8328;0,3549;-0,658;-0,1807;-0,364;-0,1467;0,8368;0,317;-0,2506;-0,0597;-0,0218;-0,2809;-0,0176;-0,3171;-0,0294;1,1519;-0,6824
"dolce";80;0,4639;1,1574;-0,4152;-0,2656;-0,1475;-0,2859;-0,2039;-0,2888;-0,8078;1,0344;-0,2066;-0,6148;0,5816;1,7453;-0,2279;-0,0833;-0,8745;0,8433;-1,0156;-0,1122;-0,3719;0,9195
"occasione";14;-0,0319;1,1354;-0,0724;-0,1928;-0,0257;-0,2003;0,4924;0,1967;-0,3587;0,3686;-0,315;0,2207;-0,148;0,3112;-0,0398;-0,0145;0,2844;-0,0117;0,2568;-0,0196;-0,4813;0,5731
"strepitoso";14;-0,0319;-0,033;-0,0724;-0,1928;-0,0257;-0,2003;-0,1687;-0,4386;0,2501;-0,2426;0,2875;0,2207;-0,4813;-0,2911;-0,0398;-0,0145;0,6276;-0,0117;1,0239;-0,0196;-0,148;0,5731
"moderno";10;-0,0228;-0,0236;-0,0517;-0,1377;-0,0184;0,5519;-0,1204;0,8237;0,9643;0,4829;-0,225;-0,2854;-0,3437;1,0114;-0,0284;-0,0104;-0,1845;-0,0084;-0,5978;-0,014;-0,3437;-0,3248
"vista";20;-0,0456;-0,0472;-0,1035;0,894;1,0906;-0,2862;-0,241;-0,2291;0,4963;-0,3466;-0,4502;-0,5711;0,7182;-0,5026;-0,0568;-0,0208;-0,2543;-0,0168;0,9825;-0,028;-0,6878;0,7674
"complimento";23;-0,0524;-0,0543;-0,1191;-0,3169;-0,0423;-0,3292;0,3262;-0,2858;-0,2094;0,2214;0,4886;0,3617;-0,329;0,3008;-0,0653;-0,0239;-0,3367;-0,0193;0,2349;-0,0322;1,0332;0,3001
"signore";10;-0,0228;1,2769;-0,0517;-0,1377;-0,0184;0,5519;-0,1204;-0,3132;-0,2562;-0,1732;-0,225;1,659;-0,3437;-0,5288;1,1987;-0,0104;0,9548;-0,0084;-0,5978;-0,014;-0,3437;0,2785
"fritto";26;-0,0593;-0,0614;0,5743;-0,3583;-0,0478;1,2966;0,289;0,2608;-0,6665;1,1004;0,4198;0,6436;0,4992;0,2321;-0,0739;-0,027;-0,7975;-0,0218;-0,2472;-0,0364;-0,8944;-0,3646
"speciale";12;-0,0273;-0,0283;-0,0621;-0,1653;-0,0221;-0,1717;1,3868;-0,3759;-0,3074;0,4198;0,9204;0,2631;0,2124;0,3899;-0,0341;-0,0125;0,3601;-0,0101;-0,2746;-0,0168;-0,4125;-0,3898
"forno";20;-0,0456;-0,0472;-0,1035;-0,2755;1,0906;1,5932;-0,241;-0,6267;-0,5126;1,3846;-0,4502;0,884;1,8267;-0,5026;-0,0568;-0,0208;-0,547;-0,0168;0,3149;-0,028;-0,6878;-0,6499
"posto";13;-0,0296;-0,0307;-0,0673;-0,179;-0,0239;1,1906;0,5189;-0,4072;-0,3331;-0,2252;-0,2925;0,7023;0,192;-0,2587;-0,0369;-0,0135;-0,2831;-0,0109;0,2904;-0,0182;1,151;-0,4223
"biscotto";11;-0,0251;-0,0259;-0,0569;-0,1515;-0,0202;-0,1574;-0,1325;-0,3445;0,3212;-0,1906;1,808;-0,314;0,6951;0,9101;-0,0312;-0,0114;-0,2161;-0,0092;-0,6576;-0,0154;-0,3781;0,2512
"discreto";22;-0,0501;-0,0519;-0,1139;0,299;-0,0404;0,8004;0,3402;0,3385;-0,1949;-0,3813;0,5147;1,3237;0,295;-0,2755;-0,0625;-0,0228;0,2938;-0,0184;-0,3476;-0,0308;-0,7566;-0,7149
"piccolo";54;-0,1233;0,5941;-0,2799;-0,7451;-0,0994;-0,3243;0,3596;-0,9909;-0,2033;-0,4312;0,2861;0,5881;0,4057;-0,3934;-0,1536;-0,0561;-0,2885;-0,0453;1,1006;-0,0756;-1,1221;1,8494
"cucina";89;-0,2035;-0,2107;0,5466;0,5203;0,502;0,2563;-0,5291;-0,9035;0,8649;-0,4973;-0,7793;1,256;0,2835;0,3533;0,3542;0,7163;0,5561;-0,0748;0,3216;-0,1248;-1,07;-0,4277
"hamburger";12;-0,0273;-0,0283;-0,0621;-0,1653;-0,0221;1,254;-0,1446;0,6963;-0,3074;0,4198;1,6993;-0,3426;-0,4125;-0,6347;-0,0341;-0,0125;0,7696;-0,0101;-0,2746;-0,0168;-0,4125;-0,3898
"ampio";36;-0,0821;-0,085;-0,1865;-0,1612;-0,0662;-0,1714;-0,4341;-0,5607;1,2794;1,9078;0,9747;0,394;-0,3215;-0,4023;-0,1023;-0,0374;-0,7661;-0,0302;0,7641;-0,0504;-0,6397;-0,5904
"positivo";16;1,0941;-0,0377;0,7605;-0,2204;-0,0294;1,0309;0,4456;0,5128;0,214;0,3262;0,2491;0,5675;-0,5501;-0,3587;-0,0454;-0,0166;-0,8977;-0,0134;-0,18;-0,0224;-0,5501;-0,1688
"esterno";10;-0,0228;-0,0236;-0,0517;0,5659;-0,0184;-0,143;-0,1204;-0,3132;0,9643;0,4829;0,3933;-0,2854;0,2622;-0,5288;-0,0284;-0,0104;-0,5609;-0,0084;1,5216;-0,014;-0,3437;-0,3248
"pietanza";17;-0,0387;-0,0401;-0,088;-0,2342;-0,0312;0,3677;0,4248;-0,1761;-0,4356;-0,2946;-0,3826;0,5304;0,8714;-0,3936;-0,0483;-0,0176;0,849;-0,0142;0,7801;-0,0238;-0,5845;-0,5523
"prenotazione";17;1,0688;-0,0401;-0,088;-0,2342;-0,0312;0,3677;0,4248;-0,1761;1,1563;0,3076;0,2324;-0,4854;0,4262;-0,3936;-0,0483;-0,0176;-0,4293;-0,0142;-0,2052;-0,0238;0,4262;-0,5523
"nell";18;-0,041;-0,0425;-0,0932;0,9707;-0,0331;0,9434;1,0679;-0,1933;-0,4613;-0,3119;1,9528;-0,1668;0,3951;-0,9523;-0,0511;-0,0187;0,4262;-0,0151;-0,513;-0,0252;-0,6189;-0,5848
"cocktail";17;-0,0387;-0,0401;0,7367;-0,2342;-0,0312;-0,2433;-0,2048;0,4772;1,856;-0,2946;-0,3826;-0,1517;-0,204;0,9147;0,9779;1,3999;-0,1804;-0,0142;-1,0166;-0,0238;-0,5845;-0,5523
"stile";18;-0,041;-0,0425;-0,0932;-0,2479;-0,0331;0,9434;0,4055;0,4446;-0,4613;1,505;0,2171;-0,1668;-0,6189;-0,1811;-0,0511;-0,0187;-0,204;-0,0151;-1,0765;-0,0252;1,3654;-0,5848
"base";15;-0,0342;1,1066;-0,0776;-0,2066;-0,0276;-0,2146;-0,1807;-0,143;0,2312;0,3465;-0,3375;-0,4283;0,4978;0,615;1,0295;-0,0156;-0,3544;-0,0126;-0,3896;-0,021;0,4978;-0,1517
"possibilità";18;1,0451;-0,0425;-0,0932;-0,2479;-0,0331;-0,2576;-0,2169;-0,564;-0,4613;-0,3119;0,6391;0,4963;-0,2237;-0,1811;-0,0511;-0,0187;0,781;-0,0151;0,7145;-0,0252;0,3951;-0,5848
"simpatico";52;-0,1187;-0,1229;-0,2695;-0,7174;-0,0957;-0,3061;-0,2351;-0,9411;0,4592;-0,4076;-0,2941;-0,2391;-1,0664;0,6181;1,3466;-0,0541;0,3522;-0,0437;0,4552;0,8115;0,697;0,7721
"assaggio";10;-0,0228;-0,0236;-0,0517;-0,1377;-0,0184;-0,143;-0,1204;-0,3132;-0,2562;-0,1732;0,3933;-0,2854;-0,3437;-0,1679;-0,0284;-0,0104;1,6084;-0,0084;0,4262;-0,014;0,761;-0,3248
"vegetariano";10;-0,0228;-0,0236;-0,0517;1,4318;-0,0184;-0,143;-0,1204;-0,3132;0,3511;0,4829;-0,225;0,8878;-0,3437;-0,1679;-0,0284;-0,0104;0,4609;-0,0084;-0,204;-0,014;-0,3437;-0,3248
"accoglienza";18;-0,041;-0,0425;-0,0932;-0,2479;-0,0331;0,3493;-0,2169;0,4446;1,0953;-0,3119;-0,4051;0,4963;-0,6189;-0,9523;-0,0511;-0,0187;-0,204;-0,0151;1,1474;-0,0252;-0,6189;0,8677
"cordialità";11;-0,0251;-0,0259;-0,0569;-0,1515;-0,0202;-0,1574;-0,1325;-0,3445;-0,2818;-0,1906;0,3621;0,2884;0,2356;-0,5817;-0,0312;-0,0114;0,4067;-0,0092;0,3739;-0,0154;1,3409;0,2512
"basso";14;-0,0319;-0,033;-0,0724;-0,1928;1,2401;0,4324;-0,1687;0,1967;-0,3587;1,8055;0,2875;0,6529;0,5393;-0,2911;-0,0398;-0,0145;-0,7854;-0,0117;-0,8371;-0,0196;-0,148;-0,135
"gentilezza";20;-0,0456;-0,0472;-0,1035;-0,2755;-0,0368;-0,2862;-0,241;-0,6267;-0,1668;0,7377;-0,1353;-0,5711;-0,6878;0,7223;-0,0568;-0,0208;-1,1224;-0,0168;0,9825;-0,028;1,2178;0,7674
"sera";46;-0,105;-0,1087;0,3743;1,264;-0,0847;0,3548;0,4442;0,6704;1,338;-0,7982;0,6968;-0,6985;-0,5093;-0,2475;0,5848;-0,0478;0,3101;-0,0386;-1,27;-0,0644;-0,2737;-0,4604
"vasto";10;-0,0228;-0,0236;-0,0517;-0,1377;-0,0184;-0,143;-0,1204;-0,3132;0,3511;0,4829;-0,225;-0,2854;-0,3437;-0,5288;-0,0284;-0,0104;1,6084;-0,0084;0,4262;-0,014;0,2622;0,2785
"sala";17;-0,0387;-0,0401;-0,088;-0,2342;-0,0312;-0,2433;1,1114;0,4772;1,1563;-0,2946;0,6765;-0,4854;0,4262;-0,3936;-0,0483;1,3999;-0,1804;-0,0142;-0,4711;-0,0238;-0,204;-0,5523
"bicchiere";12;-0,0273;-0,0283;-0,0621;-0,1653;-0,0221;-0,1717;0,548;-0,3759;0,2947;-0,2079;0,3344;0,2631;0,2124;-0,6347;1,1222;-0,0125;1,3215;-0,0101;-0,2746;-0,0168;0,2124;-0,3898
"calice";10;-0,0228;-0,0236;-0,0517;0,5659;-0,0184;1,4019;-0,1204;-0,3132;-0,2562;-0,1732;0,3933;-0,2854;-0,3437;0,4939;-0,0284;-0,0104;0,4609;-0,0084;-0,204;-0,014;0,2622;-0,3248
"crudo";13;-0,0296;-0,0307;0,8432;-0,179;-0,0239;1,1906;-0,1566;0,2158;-0,3331;-0,2252;-0,2925;0,7023;0,192;-0,2587;-0,0369;-0,0135;-0,7293;-0,0109;-0,3119;-0,0182;1,151;0,2064
"proposta";16;-0,0365;-0,0377;-0,0828;-0,2204;-0,0294;-0,2289;-0,1928;0,5128;-0,41;0,3262;0,7169;-0,1371;-0,5501;-0,3587;-0,0454;-0,0166;0,2262;-0,0134;0,8528;-0,0224;0,9318;-0,5198
"familiare";15;-0,0342;-0,0354;-0,0776;-0,2066;-0,0276;-0,2146;-0,1807;-0,4699;-0,3843;-0,2599;0,2673;0,2028;-0,1661;-0,7934;-0,0426;-0,0156;0,5685;-0,0126;0,9336;-0,021;0,4978;1,0531
"giro";16;-0,0365;-0,0377;-0,0828;-0,2204;-0,0294;0,3875;1,158;0,5128;-0,41;0,894;0,2491;-0,1371;-0,1848;0,2502;-0,0454;-0,0166;-0,8977;-0,0134;-0,9568;-0,0224;-0,1848;0,9858
"primo";146;-0,3347;-0,3465;-0,3172;-0,2845;-0,27;-0,8439;-0,3655;0,3596;0,4872;0,2931;-0,8742;0,8628;-1,184;1,3632;-0,4172;-0,1525;0,2959;-0,1231;0,7567;-0,2053;-1,184;0,9855
"cordiale";34;-0,0775;-0,0803;0,4771;-0,4687;-0,0625;-0,4869;-0,41;-0,5159;-0,3846;-0,5896;0,6113;-0,1996;0,59;0,4568;0,7;-0,0353;-0,4015;-0,0285;0,3487;-0,0476;-0,2874;1,488
"collega";17;-0,0387;-0,0401;-0,088;-0,2342;-0,0312;0,3677;1,9849;-0,1761;-0,4356;-0,2946;-0,3826;0,5304;-0,5845;0,2248;-0,0483;1,3999;0,849;1,4911;-0,2052;-0,0238;-0,5845;-0,5523
"carbonaro";46;-0,105;-0,1087;-0,2384;1,8604;-0,0847;1,2156;-0,555;0,3991;0,3054;-0,7982;-0,2306;0,4747;-1,5838;1,4848;-0,1308;-0,0478;-0,2921;-0,0386;-0,8526;-0,0644;-0,2737;-0,2405
"originale";16;-0,0365;-0,0377;-0,0828;-0,2204;-0,0294;-0,2289;0,4456;-0,5013;0,214;0,894;-0,3601;-0,4568;-0,1848;0,5604;-0,0454;-0,0166;0,2262;-0,0134;-0,18;-0,0224;-0,1848;0,9858
"punto";19;-0,0433;-0,0448;-0,0983;0,3442;-0,0349;-0,2719;-0,2289;0,8485;-0,1533;0,2745;0,2031;0,465;-0,6533;-0,4657;-0,054;-0,0197;-1,0662;-0,0159;1,5614;-0,0266;0,3668;-0,2234
"particolare";20;-0,0456;-0,0472;-0,1035;-0,2755;-0,0368;0,8674;0,3707;-0,6267;-0,5126;0,2598;-0,4502;-0,1981;-0,6878;1,6769;-0,0568;-0,0208;1,0696;-0,0168;0,3149;-0,028;-0,2646;-0,6499
"ambiente";50;-0,1141;-0,1181;-0,2591;-0,6898;-0,092;-0,7166;-0,6034;-0,2695;0,4936;-0,3844;-0,2723;-0,2176;-0,5913;1,2638;-0,1422;-0,052;-0,224;-0,042;0,9957;-0,07;0,4802;0,3097
"disponibile";51;-0,1164;-0,1205;0,9137;-0,7036;-0,0939;-0,2971;-0,228;-0,2823;-0,3619;-0,396;0,3197;-0,4412;1,0472;-0,3352;-0,1451;-0,053;-0,2394;-0,0428;-0,291;0,8193;0,4604;0,8001
"storico";12;-0,0273;-0,0283;-0,0621;-0,1653;-0,0221;0,4861;0,548;0,2372;-0,3074;-0,2079;-0,27;0,2631;1,2405;-0,2273;-0,0341;-0,0125;-0,249;-0,0101;-0,7174;-0,0168;0,2124;0,6729
"avviso";10;-0,0228;-0,0236;-0,0517;-0,1377;-0,0184;0,5519;-0,1204;0,8237;0,9643;-0,1732;-0,225;0,8878;-0,3437;-0,5288;-0,0284;-0,0104;0,4609;-0,0084;-0,204;-0,014;-0,3437;-0,3248
"rustico";12;-0,0273;-0,0283;-0,0621;-0,1653;-0,0221;-0,1717;-0,1446;-0,3759;-0,3074;0,4198;0,3344;0,2631;0,2124;0,3899;-0,0341;-0,0125;-0,249;-0,0101;1,24;-0,0168;0,2124;-0,3898
"baccalà";14;-0,0319;-0,033;-0,0724;-0,1928;-0,0257;-0,2003;-0,1687;0,1967;-0,3587;-0,2426;0,2875;1,2591;1,0706;-0,2911;-0,0398;-0,0145;-0,7854;-0,0117;0,2568;-0,0196;1,0706;-0,4548
"diverso";36;-0,0821;-0,085;-0,1865;0,9954;-0,0662;-0,1714;-0,4341;0,3354;1,8125;-0,2318;-0,3456;-0,4906;-0,6397;0,4012;-0,1023;-0,0374;-0,4553;-0,0302;-0,3012;-0,0504;-0,3215;0,9444
"pepe";51;0,6287;-0,1205;-0,2643;1,1305;-0,0939;0,6414;-0,228;-0,9164;0,4761;-0,8852;-0,2832;0,987;-0,6123;0,9083;-0,1451;-0,053;-0,3921;-0,0428;-0,291;-0,0714;0,4604;-0,555
"porzione";27;-0,0616;-0,0637;-0,1398;0,6873;-0,0497;1,2556;-0,3255;0,2447;-0,6922;-0,1457;0,3995;0,2844;0,4707;-0,4115;-0,0767;-0,028;1,0012;-0,0226;-0,5128;-0,0378;-0,1793;-0,8776
"medio";40;-0,0913;-0,0945;-0,2072;-0,1912;-0,0736;0,4277;0,5241;-0,331;0,7122;0,3305;0,8503;-0,5721;1,0981;-0,5058;-0,1137;-0,0416;0,266;-0,0336;-0,2294;-0,056;-0,1955;-1,301
"carciofo";51;-0,1164;-0,1205;-0,2643;-0,2803;-0,0939;0,305;-0,6155;-0,5207;0,4761;-0,396;0,9463;0,6535;0,2597;1,9575;-0,1451;-0,053;0,3729;-0,0428;0,3113;-0,0714;-1,7564;-0,9625
"personale";145;-0,3324;-0,3441;0,2886;-1,2509;0,3366;-0,517;-0,6246;0,3687;0,681;-0,3032;0,3469;-0,7525;0,6723;0,5201;-0,4143;-0,1514;-0,2955;-0,1223;0,7783;-0,2039;-0,346;0,454
"proprio";40;-0,0913;-0,0945;1,0913;0,4484;-0,0736;-0,2031;-0,4825;-0,6524;-0,2245;0,3305;-0,1729;0,6053;-0,1955;0,3093;0,6375;-0,0416;0,6903;-0,0336;-0,2294;-0,056;-0,1955;-1,301
"secondo";46;0,6681;-0,1087;0,3743;-0,2387;-0,0847;-0,2532;-0,1935;-0,2211;0,9171;0,2662;-0,2306;0,2463;-0,5093;0,3621;-0,1308;-0,0478;0,4945;-0,0386;0,4221;-0,0644;-0,5093;-0,4604
"acqua";20;-0,0456;-0,0472;0,6735;0,894;-0,0368;-0,2862;0,3707;-0,2291;-0,1668;-0,3466;0,5724;-0,1981;0,7182;-0,2265;-0,0568;-0,0208;-0,2543;-0,0168;-0,599;-0,028;0,3408;-0,2424
"rosso";15;-0,0342;-0,0354;-0,0776;-0,2066;-0,0276;1,0798;0,468;0,552;-0,3843;-0,2599;-0,3375;0,2028;0,4978;1,0775;-0,0426;-0,0156;0,2535;-0,0126;-0,8969;-0,021;-0,1661;-0,4873
"salato";19;-0,0433;-0,0448;-0,0983;-0,2617;-0,0349;0,3322;-0,2289;0,4147;0,5267;0,7727;-0,4276;-0,1823;1,2888;0,4272;-0,054;-0,0197;-0,5071;-0,0159;-0,5557;-0,0266;-0,2439;-0,2234
"quello_che";22;0,9624;-0,0519;-0,1139;0,8263;-0,0404;0,2876;-0,2651;0,3385;-0,1949;0,2333;1,6434;-0,2309;-0,3072;-1,1641;-0,0625;-0,0228;-1,2347;-0,0184;0,8442;-0,0308;-0,3072;0,3212
"rapido";13;-0,0296;-0,0307;-0,0673;-0,179;-0,0239;-0,186;-0,1566;-0,4072;0,2712;-0,2252;0,3097;0,7023;1,151;0,348;1,0889;-0,0135;0,3197;-0,0109;-0,3119;-0,0182;-0,4469;-0,4223
"romanesco";12;-0,0273;-0,0283;-0,0621;-0,1653;-0,0221;-0,1717;-0,1446;-0,3759;-0,3074;-0,2079;-0,27;0,7571;-0,4125;1,3984;-0,0341;-0,0125;-0,249;-0,0101;0,3291;-0,0168;0,637;0,2274
"famoso";10;-0,0228;-0,0236;-0,0517;-0,1377;-0,0184;-0,143;-0,1204;0,2892;0,3511;-0,1732;-0,225;0,3172;-0,3437;-0,1679;-0,0284;-0,0104;0,9548;-0,0084;-0,204;-0,014;0,2622;0,2785
"all";67;-0,153;-0,1584;-0,3475;0,4583;-0,1234;-0,2007;0,2591;-0,5147;0,2681;0,9185;1,2908;-0,2393;1,5351;-0,4685;0,4492;-0,0697;-0,2398;-0,0563;-0,9093;-0,0939;-0,6202;-0,332
"casa";52;-0,1187;-0,1229;-0,2695;-0,7174;-0,0957;-0,7453;-0,6276;1,174;0,2375;1,2878;-0,595;-1,4872;0,2474;0,4129;-0,1479;-0,0541;0,5365;-0,0437;0,9083;-0,0728;-0,3622;0,2828
"vero";23;-0,0524;0,93;-0,1191;0,2857;-0,0423;-0,3292;0,3262;-0,2858;-0,5895;-0,3987;0,4886;1,2623;0,2747;-0,6168;0,8548;-0,0239;0,268;-0,0193;-0,3791;-0,0322;0,2747;0,3001
"sicuro";10;-0,0228;-0,0236;-0,0517;-0,1377;-0,0184;-0,143;-0,1204;1,556;-0,2562;0,4829;0,3933;0,3172;-0,3437;-0,5288;-0,0284;-0,0104;-0,1845;-0,0084;-0,204;-0,014;0,761;-0,3248
"leggero";22;-0,0501;-0,0519;-0,1139;-0,3031;-0,0404;-0,3149;0,3402;0,712;-0,5639;0,2333;-0,1585;-0,6283;-0,7566;-0,5782;-0,0625;-0,0228;0,9262;-0,0184;0,5071;-0,0308;0,295;1,1599
"perfetto";15;-0,0342;-0,0354;-0,0776;-0,2066;-0,0276;-0,2146;-0,1807;-0,143;-0,3843;-0,2599;0,761;1,1825;-0,5157;0,2788;-0,0426;-0,0156;0,5685;-0,0126;-0,3896;-0,021;0,4978;-0,1517
"festa";10;-0,0228;-0,0236;-0,0517;-0,1377;-0,0184;-0,143;0,6158;0,8237;0,9643;-0,1732;-0,225;-0,2854;-0,3437;-0,5288;-0,0284;-0,0104;0,4609;-0,0084;-0,5978;-0,014;-0,3437;1,5161
"grande";58;-0,1324;-0,1371;-0,3007;-0,3414;-0,1068;-0,3614;0,3246;-1,8207;-0,2414;0,72;0,7761;-0,9638;0,826;-0,4771;-0,1651;-0,0603;-0,5524;-0,0487;-0,2786;-0,0812;1,5234;1,2609
"conto";37;0,753;0,7394;-0,1916;1,5632;-0,0681;1,5113;-0,1358;-0,5833;0,7974;0,3693;-0,3602;0,3757;-0,6652;-0,4274;-0,1052;-0,0384;-0,4831;-0,031;-0,5499;-0,0518;-0,3391;0,2974
"pane";25;0,9101;-0,059;-0,1294;-0,3445;-0,046;0,2508;-0,3013;-0,3252;-0,6408;-0,4334;-0,1952;0,3204;0,2387;0,8216;-0,071;-0,026;0,4448;-0,021;1,035;-0,035;0,2387;-0,8125
"pronto";15;-0,0342;-0,0354;0,7861;-0,2066;-0,0276;-0,2146;-0,1807;0,552;-0,3843;-0,2599;-0,3375;-0,4283;-0,1661;-0,3245;-0,0426;-0,0156;-0,8416;-0,0126;1,462;-0,021;0,4978;1,0531
"pena";18;-0,041;-0,0425;-0,0932;-0,2479;-0,0331;0,3493;-0,2169;-0,564;-0,4613;0,2904;0,6391;-0,1668;0,8161;-0,4293;-0,0511;-0,0187;0,4262;-0,0151;-0,2315;-0,0252;0,3951;0,425
"vecchio";16;1,0941;-0,0377;-0,0828;0,4002;-0,0294;1,0309;-0,1928;-0,1593;-0,41;0,894;0,7169;-0,4568;-0,1848;0,2502;-0,0454;-0,0166;-0,3915;-0,0134;-0,9568;-0,0224;0,4602;-0,1688
"delizioso";23;-0,0524;-0,0543;-0,1191;-0,3169;1,0325;-0,3292;-0,2772;-0,7208;-0,5895;-0,3987;-0,1704;-0,6569;0,2747;-0,3013;-0,0653;-0,0239;0,268;-0,0193;0,7832;-0,0322;1,5721;1,1013
"idea";19;-0,0433;-0,0448;-0,0983;-0,2617;1,1119;-0,2719;-0,2289;-0,5953;1,0387;-0,3293;0,6045;-0,5426;-0,2439;-0,2034;-0,054;-0,0197;1,151;-0,0159;-0,259;-0,0266;-0,6533;0,8156
"nuovo";23;-0,0524;-0,0543;-0,1191;-0,3169;-0,0423;0,2746;0,3262;-0,2858;0,4174;-0,3987;0,9698;-0,2478;-0,329;-0,3013;-0,0653;1,2716;-0,3367;-0,0193;0,7832;-0,0322;0,597;-0,7474
"buono";290;-0,26;-0,6929;-0,4838;-0,3511;0,91;-0,5649;-0,3379;0,6694;0,3044;0,3354;0,5286;0,5245;-0,2586;0,4825;1,9447;-0,3049;-0,334;0,9729;-0,7004;0,6224;-0,6669;-0,4139
"luogo";14;-0,0319;-0,033;-0,0724;-0,1928;-0,0257;-0,2003;-0,1687;0,1967;0,2501;0,3686;0,8091;0,2207;-0,4813;0,3112;-0,0398;-0,0145;0,2844;-0,0117;-0,3503;1,356;0,5393;-0,4548
"veloce";57;-0,1301;-0,1347;0,3066;-0,3325;-0,105;-0,3521;-0,2713;0,2465;-0,4454;0,7385;0,2562;0,3058;0,8545;0,4852;-0,1622;-0,0593;-0,342;-0,0479;1,5789;-0,0798;-1,2063;-1,1191
"impeccabile";14;-0,0319;-0,033;-0,0724;-0,1928;-0,0257;0,4324;-0,1687;-0,4386;0,7225;-0,2426;0,8091;0,2207;0,5393;-0,2911;-0,0398;1,4828;-0,7854;-0,0117;0,5769;-0,0196;-0,148;-0,4548
"pieno";37;-0,0844;-0,0874;-0,1916;-0,5101;-0,0681;0,471;-0,4462;-0,2842;-0,4365;-0,242;-0,3602;-1,0575;0,2661;0,376;-0,1052;-0,0384;0,8147;-0,031;1,0265;0,9493;0,8337;-0,6142
"di_questo";11;-0,0251;1,2367;-0,0569;-0,1515;-0,0202;-0,1574;-0,1325;0,2615;0,3212;-0,1906;-0,2475;-0,314;0,6951;0,4381;-0,0312;-0,0114;-0,2161;-0,0092;-0,6576;-0,0154;1,3409;-0,3573
"nessuno";19;-0,0433;-0,0448;1,6811;-0,2617;-0,0349;0,9041;-0,2289;0,4147;1,0387;0,2745;-0,4276;-0,1823;0,3668;-1,0052;0,9323;-0,0197;-0,5071;-0,0159;-0,5557;-0,0266;0,3668;-0,2234
"certo";11;-0,0251;-0,0259;-0,0569;0,531;-0,0202;-0,1574;-0,1325;-0,3445;-0,2818;-0,1906;0,3621;0,2884;0,2356;0,4381;-0,0312;-0,0114;0,8557;-0,0092;-0,2386;-0,0154;-0,3781;0,2512
"impasto";14;-0,0319;-0,033;-0,0724;-0,1928;-0,0257;0,4324;-0,1687;-0,4386;-0,3587;-0,2426;-0,315;0,6529;-0,4813;-0,2911;-0,0398;-0,0145;1,1002;-0,0117;0,2568;-0,0196;-0,148;1,1271
"vino";87;-0,1989;-0,2059;0,5603;-0,3127;-0,1604;0,5071;1,4991;-1,2756;-0,9285;-0,8528;-0,259;-0,7263;-1,0263;0,5349;0,3615;-0,0906;1,8171;-0,0732;-0,2549;-0,122;1,1876;-0,4024
"professionalità";12;-0,0273;-0,0283;-0,0621;0,4996;-0,0221;-0,1717;-0,1446;-0,3759;0,2947;-0,2079;0,9204;-0,3426;0,2124;0,822;-0,0341;-0,0125;-0,6732;-0,0101;0,3291;-0,0168;-0,4125;0,6729
"anno";51;-0,1164;-0,1205;0,3411;0,673;-0,0939;0,305;-0,6155;0,8509;-0,6948;-0,8852;0,5925;-0,8073;-1,0388;1,9575;-0,1451;-0,053;-0,2394;-0,0428;-0,291;-0,0714;-1,7564;1,55
"tagliere";12;-0,0273;-0,0283;-0,0621;-0,1653;-0,0221;0,4861;-0,1446;-0,3759;0,8302;-0,2079;0,3344;-0,3426;-0,4125;1,3984;-0,0341;-0,0125;0,7696;-0,0101;-0,2746;-0,0168;-0,4125;-0,3898
"interessante";11;-0,0251;-0,0259;-0,0569;-0,1515;-0,0202;-0,1574;-0,1325;0,2615;0,8933;0,4496;0,9854;-0,314;-0,3781;-0,197;-0,0312;-0,0114;0,4067;-0,0092;-0,6576;-0,0154;-0,3781;0,7321
"due";91;-0,2081;-0,2154;-0,1505;0,2646;0,4941;0,2446;1,4172;-0,2584;1,4584;-0,5176;-0,496;-0,5154;-1,1142;-0,5679;-0,2594;0,7076;0,3734;-0,0765;-0,3092;-0,1276;1,3729;-0,4536
"tradizionale";17;-0,0387;-0,0401;-0,088;0,3801;-0,0312;-0,2433;-0,2048;0,4772;0,1984;-0,2946;-0,3826;-0,1517;-0,5845;0,2248;-0,0483;-0,0176;1,3372;-0,0142;0,4242;-0,0238;0,4262;-0,5523
"fatto";14;-0,0319;-0,033;-0,0724;-0,1928;-0,0257;-0,2003;-0,1687;0,1967;1,373;0,3686;0,2875;0,2207;-0,148;1,1725;-0,0398;-0,0145;-0,7854;-0,0117;-0,3503;-0,0196;-0,148;-0,4548
"esperienza";25;0,9101;-0,059;0,5889;-0,3445;-0,046;0,2508;0,8285;-0,7835;0,3732;0,1997;0,8877;-0,2825;0,2387;-0,6953;-0,071;-0,026;-0,1932;-0,021;-0,2244;-0,035;-0,3738;0,573
"in_cui";16;-0,0365;-0,0377;-0,0828;-0,2204;-0,0294;-0,2289;0,4456;-0,1593;0,6339;0,3262;-0,3601;-0,4568;-0,5501;0,5604;-0,0454;-0,0166;0,2262;-0,0134;0,4694;-0,0224;0,4602;-0,1688
"birra";32;-0,073;-0,0755;-0,1657;0,1953;-0,0589;-0,4582;-0,3858;0,4131;0,2563;-0,1921;0,6623;-0,412;-0,2547;0,52;-0,091;-0,0332;0,7353;-0,0268;-0,2179;-0,0448;0,3529;-0,4974
"passato";13;-0,0296;-0,0307;-0,0673;-0,179;-0,0239;-0,186;-0,1566;-0,4072;0,7736;0,3929;0,3097;0,2407;0,5855;-0,6876;-0,0369;-0,0135;-0,7293;1,606;0,2904;-0,0182;0,5855;0,2064
"stesso";22;-0,0501;-0,0519;-0,1139;-0,3031;-0,0404;0,2876;1,6735;0,712;-0,5639;0,6742;-0,4952;-0,2309;0,6345;-0,5782;-0,0625;-0,0228;-0,3084;-0,0184;-0,6873;-0,0308;-0,3072;1,1599
"difficile";11;-0,0251;-0,0259;-0,0569;-0,1515;-0,0202;0,5172;1,4582;-0,3445;1,6613;0,4496;0,3621;0,2884;-0,3781;-0,197;-0,0312;-0,0114;-0,617;-0,0092;-0,2386;-0,0154;-0,3781;-0,3573
"pomodoro";16;-0,0365;-0,0377;-0,0828;-0,2204;-0,0294;0,3875;1,158;-0,5013;0,214;-0,2772;0,2491;-0,4568;0,4602;-0,3587;-0,0454;-0,0166;0,2262;-0,0134;0,4694;-0,0224;0,9318;-0,5198
"riso";18;-0,041;-0,0425;-0,0932;-0,2479;-0,0331;-0,2576;-0,2169;-0,564;-0,4613;0,2904;1,2269;-0,1668;-0,6189;-0,9523;-0,0511;-0,0187;1,7971;-0,0151;1,6775;-0,0252;-0,6189;-0,2047
"sono_stati";13;-0,0296;-0,0307;-0,0673;0,4713;-0,0239;-0,186;1,322;-0,4072;0,2712;-0,2252;-0,2925;-0,3711;0,192;0,348;1,0889;-0,0135;0,3197;-0,0109;0,2904;-0,0182;0,192;-0,4223
"zucca";15;-0,0342;-0,0354;-0,0776;-0,2066;-0,0276;1,0798;-0,1807;-0,143;-0,3843;-0,2599;0,761;0,6082;-0,1661;-0,3245;-0,0426;-0,0156;-0,8416;-0,0126;0,9336;-0,021;0,4978;-0,4873
"classico";26;-0,0593;-0,0614;0,5743;0,7123;-0,0478;-0,3722;0,8013;0,2608;-0,6665;-0,1368;-0,5854;0,3018;0,8821;0,2321;0,8057;-0,027;-0,4265;-0,0218;0,3625;-0,0364;-0,3966;-0,3646
"massimo";10;-0,0228;-0,0236;-0,0517;-0,1377;-0,0184;-0,143;0,6158;0,8237;-0,2562;-0,1732;-0,225;0,3172;0,2622;-0,1679;-0,0284;-0,0104;0,9548;-0,0084;-0,204;-0,014;-0,3437;-0,3248
"modico";10;-0,0228;-0,0236;-0,0517;0,5659;-0,0184;-0,143;-0,1204;0,8237;-0,2562;0,4829;-0,225;-0,2854;0,2622;-0,5288;-0,0284;-0,0104;-0,5609;-0,0084;0,895;-0,014;0,2622;0,2785
"semplice";21;0,9815;-0,0496;-0,1087;0,3131;-0,0386;-0,3006;-0,2531;-0,2476;0,9371;-0,364;-0,4727;-0,2143;-0,7222;0,6688;-0,0597;-0,0218;-0,5875;-0,0176;0,2855;-0,0294;0,6748;0,7228
"gradevole";14;-0,0319;-0,033;-0,0724;0,4455;-0,0257;-0,2003;0,4924;0,1967;-0,3587;-0,2426;0,2875;0,2207;-0,148;0,3112;-0,0398;-0,0145;-0,3183;-0,0117;0,2568;-0,0196;-0,148;0,5731
"materia";18;-0,041;-0,0425;-0,0932;-0,2479;-0,0331;-0,2576;0,4055;-0,1933;-0,4613;0,2904;0,2171;-0,1668;-0,2237;-0,4293;-0,0511;-0,0187;-0,4679;-0,0151;1,1474;-0,0252;-0,2237;1,4403
"gustoso";30;-0,0684;-0,0708;-0,1553;-0,4135;-0,0552;-0,4295;-0,3617;-0,1854;-0,3179;-0,5202;0,7186;0,5268;-0,2234;-0,501;-0,0853;-0,0312;0,8315;-0,0252;0,2595;-0,042;0,3956;0,7787
"dall";18;-0,041;-0,0425;-0,0932;-0,2479;-0,0331;0,3493;-0,2169;-0,564;-0,4613;-0,3119;0,2171;-0,514;-0,6189;-0,1811;-0,0511;-0,0187;0,781;-0,0151;0,7145;-0,0252;0,8161;0,8677
"visita";11;-0,0251;1,2367;-0,0569;-0,1515;-0,0202;-0,1574;-0,1325;0,2615;-0,2818;-0,1906;0,3621;0,2884;-0,3781;-0,197;-0,0312;1,586;-0,2161;1,6778;-0,6576;-0,0154;0,6951;0,2512
"bianco";10;-0,0228;-0,0236;-0,0517;-0,1377;-0,0184;-0,143;-0,1204;-0,3132;0,3511;-0,1732;-0,225;0,3172;0,761;1,0114;-0,0284;-0,0104;-0,5609;-0,0084;0,4262;-0,014;0,2622;-0,3248
"passaggio";11;-0,0251;-0,0259;-0,0569;-0,1515;-0,0202;-0,1574;-0,1325;-0,3445;-0,2818;0,4496;-0,2475;-0,314;0,6951;0,4381;1,1586;-0,0114;0,4067;-0,0092;-0,2386;1,4587;0,2356;-0,3573
"coda";15;-0,0342;-0,0354;-0,0776;0,4219;-0,0276;-0,2146;0,468;1,089;-0,3843;-0,2599;0,761;0,6082;0,4978;-0,3245;-0,0426;-0,0156;0,2535;-0,0126;-0,3896;-0,021;-0,5157;-0,4873
"contorno";14;-0,0319;-0,033;-0,0724;-0,1928;-0,0257;0,4324;0,4924;0,1967;-0,3587;-0,2426;0,2875;0,2207;0,5393;-0,7405;-0,0398;-0,0145;1,6941;-0,0117;-0,3503;-0,0196;-0,4813;-0,135
"un_po";76;-0,1737;-0,1798;0,644;0,3721;-0,1401;1,0013;-0,4197;0,5589;1,5383;-0,3719;-0,5939;0,6828;0,4475;0,6017;-0,2165;-0,0791;-0,2527;-0,0639;-1,2039;-0,1065;-0,7955;-0,714
"tre";13;1,1809;-0,0307;-0,0673;-0,179;-0,0239;0,458;1,322;-0,4072;-0,3331;-0,2252;0,3097;-0,3711;0,5855;-0,6876;-0,0369;-0,0135;-0,7293;-0,0109;0,2904;-0,0182;1,151;0,2064
"spazio";14;-0,0319;-0,033;-0,0724;-0,1928;-0,0257;-0,2003;-0,1687;0,1967;0,7225;0,9923;0,8091;0,2207;-0,4813;0,3112;-0,0398;-0,0145;-0,3183;-0,0117;-0,8371;-0,0196;-0,148;0,5731
"fiore";13;-0,0296;-0,0307;-0,0673;-0,179;-0,0239;-0,186;-0,1566;0,2158;-0,3331;-0,2252;-0,2925;1,3434;0,192;-0,2587;-0,0369;-0,0135;-0,7293;-0,0109;1,7351;-0,0182;0,192;0,2064
"tipico";49;-0,1118;-0,1158;-0,2539;-0,2635;-0,0902;-0,7022;-0,5913;-0,4843;-1,2575;0,2394;-0,5462;1,4674;-0,3167;1,3158;-0,1394;-0,0509;1,1808;-0,0411;0,3519;-0,0686;-0,3167;-0,2791
"una_volta";15;-0,0342;-0,0354;-0,0776;0,4219;-0,0276;0,409;0,468;-0,143;-0,3843;0,9411;0,761;-0,4283;-0,5157;0,615;-0,0426;-0,0156;-0,3544;-0,0126;-0,8969;-0,021;0,4978;-0,1517
"prezzo";213;-0,159;-0,5071;-0,2706;-0,4654;0,6446;1,3527;-0,7928;-0,9334;-0,4971;0,6732;0,2899;-0,5371;1,0585;-0,2852;1,3012;-0,2231;-1,253;0,4691;1,1315;-0,3005;0,7171;-0,8213
"zona";54;-0,1233;-0,1276;-0,2799;0,625;-0,0994;-0,3243;-0,6518;0,4928;0,4273;-0,4312;0,2861;0,5881;-0,2167;0,371;0,5258;-0,0561;-0,4581;1,0038;-0,5372;-0,0756;0,6466;-0,3485
"cliente";43;-0,0981;1,6465;-0,2228;-0,593;0,7784;-0,6161;1,5331;0,4554;-0,2597;1,0654;0,4313;-0,6347;0,9789;0,6633;-0,1223;-0,0447;-1,5737;-0,0361;-1,1406;-0,0602;0,3814;-0,4062
"attenzione";13;-0,0296;-0,0307;0,8432;0,4713;-0,0239;-0,186;0,5189;-0,4072;-0,3331;1,0483;0,3097;-0,3711;0,192;-0,6876;-0,0369;-0,0135;-0,2831;1,606;-0,3119;-0,0182;0,5855;0,2064
"top";10;-0,0228;-0,0236;-0,0517;0,5659;-0,0184;-0,143;-0,1204;-0,3132;0,3511;-0,1732;-0,225;-0,2854;0,2622;-0,5288;-0,0284;-0,0104;0,9548;-0,0084;0,4262;-0,014;0,2622;0,2785
"salume";11;-0,0251;-0,0259;-0,0569;-0,1515;-0,0202;-0,1574;-0,1325;0,2615;0,3212;-0,1906;-0,2475;-0,314;-0,3781;0,9101;-0,0312;-0,0114;0,8557;-0,0092;0,3739;-0,0154;0,2356;-0,3573
"salso";14;-0,0319;-0,033;-0,0724;0,4455;-0,0257;-0,2003;0,4924;0,1967;-0,3587;-0,2426;0,2875;0,6529;1,0706;-0,7405;-0,0398;-0,0145;0,2844;-0,0117;0,5769;-0,0196;-0,4813;-0,4548
"cacio";48;0,6518;-0,1134;-0,2487;0,7255;-0,0884;-0,2706;-0,2071;-0,8429;0,5307;-0,833;-0,2511;1,0858;-0,5499;0,5104;-0,1365;-0,0499;0,2734;-0,0403;0,374;-0,0672;0,5224;-0,4976
"ragazzo";32;-0,073;-0,0755;-0,1657;-0,4411;-0,0589;-0,4582;0,2301;-0,212;0,5584;-0,5549;0,3141;-0,412;-0,2547;0,2944;-0,091;-0,0332;1,4775;-0,0268;0,6533;-0,0448;0,3529;-1,0404
"atmosfera";43;-0,0981;-0,1016;-0,2228;0,4091;-0,0791;0,3892;-0,1736;-0,38;0,3467;-0,746;-0,2009;-0,6347;-0,4502;0,254;-0,1223;-0,0447;0,8475;-0,0361;0,3169;-0,0602;-0,2333;1,066
"e_poi";14;-0,0319;-0,033;-0,0724;-0,1928;-0,0257;0,4324;-0,1687;0,1967;-0,3587;0,3686;0,8091;0,2207;-0,148;-0,2911;-0,0398;-0,0145;0,2844;-0,0117;-0,8371;-0,0196;1,0706;-0,135
"tempo";41;-0,0935;-0,0968;0,4125;0,8693;-0,0754;0,8344;-0,4946;-0,6757;-0,5078;0,3187;-0,1821;-0,5928;-0,769;0,7362;-0,1166;-0,0426;-0,5996;-0,0344;-0,2476;-0,0574;0,7024;1,1465
"livello";14;-0,0319;-0,033;-0,0724;0,4455;-0,0257;0,4324;0,4924;0,1967;-0,3587;-0,2426;0,2875;-0,3997;-0,4813;0,676;-0,0398;-0,0145;-0,3183;-0,0117;1,0239;-0,0196;-0,4813;-0,135
"secco";14;-0,0319;-0,033;-0,0724;-0,1928;-0,0257;0,4324;-0,1687;0,5951;0,7225;-0,2426;0,8091;0,2207;0,5393;0,676;-0,0398;-0,0145;-0,7854;-0,0117;-0,8371;-0,0196;-0,148;-0,4548
"splendido";12;-0,0273;-0,0283;-0,0621;-0,1653;-0,0221;0,4861;-0,1446;-0,3759;-0,3074;0,4198;-0,27;0,2631;-0,4125;-0,2273;-0,0341;-0,0125;0,3601;-0,0101;-0,2746;-0,0168;0,637;1,2995
"gentile";99;-0,2265;0,3797;-0,1725;-0,3992;0,4643;0,3981;-0,3109;-0,515;0,4703;-0,6008;-0,3606;-0,4065;0,6589;-0,2712;-0,2823;-0,1032;0,5092;-0,0833;0,2904;0,5626;1,1427;-0,8232
"facile";11;-0,0251;-0,0259;-0,0569;0,531;-0,0202;-0,1574;-0,1325;0,2615;-0,2818;-0,1906;-0,2475;-0,314;0,6951;-0,5817;-0,0312;-0,0114;0,8557;-0,0092;0,3739;-0,0154;-0,3781;0,7321
"cuore";15;1,121;-0,0354;-0,0776;-0,2066;-0,0276;-0,2146;-0,1807;-0,4699;0,2312;-0,2599;0,2673;-0,4283;-0,1661;-0,3245;-0,0426;-0,0156;0,5685;-0,0126;0,52;-0,021;0,4978;0,5306
"passo";10;-0,0228;-0,0236;-0,0517;-0,1377;-0,0184;0,5519;-0,1204;-0,3132;0,3511;0,4829;1,0582;0,3172;-0,3437;0,4939;-0,0284;-0,0104;-0,5609;-0,0084;0,4262;-0,014;-0,3437;-0,3248
"staff";17;-0,0387;-0,0401;-0,088;-0,2342;-0,0312;-0,2433;-0,2048;-0,5326;-0,4356;-0,2946;0,6765;-0,4854;0,4262;0,2248;-0,0483;-0,0176;0,849;-0,0142;0,7801;-0,0238;0,4262;-0,1865
"pausa";14;-0,0319;-0,033;-0,0724;-0,1928;-0,0257;0,4324;-0,1687;-0,4386;0,2501;-0,2426;0,2875;-0,3997;-0,148;0,3112;-0,0398;-0,0145;0,2844;1,5742;0,2568;1,356;-0,148;-0,135
"offerta";11;-0,0251;-0,0259;-0,0569;0,531;-0,0202;0,5172;-0,1325;0,7561;0,3212;0,4496;-0,2475;-0,314;0,2356;-0,197;-0,0312;-0,0114;-0,2161;-0,0092;-0,2386;-0,0154;0,2356;-0,3573
"possibile";11;1,2513;-0,0259;-0,0569;0,531;-0,0202;0,5172;0,5801;-0,3445;0,3212;-0,1906;-0,2475;0,2884;-0,3781;-0,5817;-0,0312;-0,0114;-0,2161;-0,0092;-0,2386;-0,0154;0,2356;0,7321
"grazia";24;0,9268;-0,0566;0,6042;-0,3307;-0,0441;-0,3435;0,3131;-0,3053;-0,2241;0,2102;-0,1827;0,3403;0,256;-0,3278;-0,0682;-0,0249;-0,7121;-0,0201;-0,4113;-0,0336;0,5621;1,5881
"palato";11;-0,0251;-0,0259;-0,0569;-0,1515;-0,0202;-0,1574;-0,1325;-0,3445;0,8933;0,4496;-0,2475;0,2884;-0,3781;0,4381;-0,0312;-0,0114;-0,617;-0,0092;0,7982;-0,0154;-0,3781;0,7321
"pranzo";64;-0,1462;0,5314;-0,3319;0,2232;-0,1179;0,4642;0,2791;-0,2691;-0,9525;-1,1115;-0,436;0,4144;-0,5649;0,5097;-0,1822;0,8473;0,2848;-0,0538;1,2143;0,7292;0,2655;-0,2951
"é";17;-0,0387;-0,0401;-0,088;1,8302;-0,0312;-0,2433;-0,2048;-0,5326;0,1984;-0,2946;-0,3826;-0,4854;-0,5845;-0,3936;-0,0483;-0,0176;1,3372;-0,0142;1,2421;-0,0238;-0,204;-0,1865
"pistacchio";11;-0,0251;-0,0259;-0,0569;-0,1515;-0,0202;-0,1574;-0,1325;0,7561;-0,2818;-0,1906;-0,2475;-0,314;0,6951;-0,5817;-0,0312;-0,0114;1,455;-0,0092;-0,2386;-0,0154;-0,3781;0,7321
"abbondante";27;-0,0616;-0,0637;-0,1398;-0,3721;-0,0497;-0,3865;-0,3255;1,4426;1,1831;-0,1457;0,3995;0,6118;-0,4198;-0,4115;-0,0767;-0,028;0,3801;-0,0226;-0,5128;-0,0378;0,4707;-0,8776
"in_questo";69;-0,1576;-0,1632;-0,3579;-0,4427;-0,1271;0,7341;0,2466;-0,3272;0,4424;0,5473;-0,8854;-0,4523;1,1153;-0,7389;-0,1965;0,8171;0,4915;-0,058;0,2713;-0,0967;1,1153;-0,9314
"manzo";12;-0,0273;-0,0283;-0,0621;-0,1653;-0,0221;0,4861;-0,1446;0,2372;1,5548;-0,2079;-0,27;0,2631;0,2124;-0,2273;-0,0341;-0,0125;0,3601;-0,0101;-0,7174;-0,0168;0,2124;0,2274
"ideale";12;-0,0273;-0,0283;-0,0621;-0,1653;-0,0221;-0,1717;-0,1446;0,2372;0,2947;-0,2079;-0,27;-0,3426;0,637;-0,6347;-0,0341;-0,0125;1,3215;-0,0101;-0,2746;-0,0168;0,2124;0,6729
"pasto";13;-0,0296;-0,0307;-0,0673;-0,179;-0,0239;-0,186;-0,1566;-0,4072;-0,3331;0,3929;-0,2925;-0,3711;1,151;-0,6876;-0,0369;-0,0135;1,8413;-0,0109;0,6412;1,3875;-0,4469;-0,4223
"pasta";46;-0,105;-0,1087;0,3743;1,264;-0,0847;1,2156;-0,1935;-0,7944;0,5708;-0,7982;-0,4982;0,2463;0,5684;-0,4192;-0,1308;-0,0478;0,3101;-0,0386;-0,3476;-0,0644;-0,2737;0,3714
"gruppo";12;1,2146;-0,0283;-0,0621;-0,1653;1,3053;0,4861;-0,1446;0,6963;0,2947;-0,2079;-0,27;-0,3426;-0,4125;0,822;-0,0341;-0,0125;0,3601;-0,0101;-0,2746;-0,0168;-0,4125;-0,3898
"varietà";26;-0,0593;0,8802;-0,1346;-0,3583;-0,0478;-0,3722;-0,3134;-0,8149;-0,6665;1,1004;-0,2079;0,3018;0,2227;-0,383;-0,0739;-0,027;1,0658;-0,0218;-0,2472;-0,0364;0,2227;0,9464
"ultimo";18;-0,041;-0,0425;0,7143;-0,2479;-0,0331;-0,2576;-0,2169;0,4446;-0,4613;0,2904;-0,4051;-0,1668;0,3951;-0,4293;-0,0511;-0,0187;0,781;-0,0151;0,7145;-0,0252;0,3951;-0,5848
"misto";14;-0,0319;-0,033;-0,0724;-0,1928;-0,0257;0,4324;-0,1687;0,1967;0,7225;-0,2426;0,8091;0,6529;-0,4813;-0,7405;-0,0398;-0,0145;0,6276;-0,0117;-0,3503;-0,0196;-0,4813;0,5731
"formaggio";21;-0,0479;-0,0496;-0,1087;-0,2893;-0,0386;-0,3006;-0,2531;-0,658;-0,1807;-0,364;-0,4727;-0,2143;-0,2857;0,6688;-0,0597;-0,0218;0,9949;-0,0176;-0,3171;-0,0294;0,6748;1,2227
"buon";43;-0,0981;-0,1016;-0,2228;-0,593;-0,0791;-0,6161;-0,5187;0,2342;-0,5442;-0,3057;-0,2009;0,5357;0,9789;0,949;-0,1223;-0,0447;0,5846;-0,0361;1,0326;-0,0602;-0,4502;-1,3987
"eccezionale";25;-0,057;-0,059;-0,1294;0,2615;-0,046;-0,3579;-0,3013;0,2781;0,3732;-0,4334;-0,1952;0,3204;-0,8599;0,8216;1,9433;-0,026;-0,1932;-0,021;-1,4956;1,1116;0,5296;0,573
